title,text,subject,date
Fake News 1,This is a fake news article number 1.,sports,07-04-2021
Fake News 2,This is a fake news article number 2.,politics,30-03-2020
Fake News 3,This is a fake news article number 3.,politics,27-04-2020
Fake News 4,This is a fake news article number 4.,health,25-11-2021
Fake News 5,This is a fake news article number 5.,economy,10-09-2019
Fake News 6,This is a fake news article number 6.,politics,16-05-2020
Fake News 7,This is a fake news article number 7.,health,09-09-2021
Fake News 8,This is a fake news article number 8.,health,22-02-2020
Fake News 9,This is a fake news article number 9.,health,12-01-2021
Fake News 10,This is a fake news article number 10.,world,13-04-2020
Fake News 11,This is a fake news article number 11.,health,25-05-2020
Fake News 12,This is a fake news article number 12.,world,23-09-2020
Fake News 13,This is a fake news article number 13.,world,01-01-2019
Fake News 14,This is a fake news article number 14.,world,02-10-2020
Fake News 15,This is a fake news article number 15.,world,24-07-2019
Fake News 16,This is a fake news article number 16.,economy,17-11-2020
Fake News 17,This is a fake news article number 17.,sports,06-04-2019
Fake News 18,This is a fake news article number 18.,sports,31-07-2019
Fake News 19,This is a fake news article number 19.,health,26-03-2021
Fake News 20,This is a fake news article number 20.,health,26-05-2021
Fake News 21,This is a fake news article number 21.,health,07-04-2019
Fake News 22,This is a fake news article number 22.,politics,05-05-2020
Fake News 23,This is a fake news article number 23.,sports,17-02-2019
Fake News 24,This is a fake news article number 24.,economy,03-05-2021
Fake News 25,This is a fake news article number 25.,world,25-12-2021
Fake News 26,This is a fake news article number 26.,economy,13-04-2019
Fake News 27,This is a fake news article number 27.,world,01-08-2021
Fake News 28,This is a fake news article number 28.,economy,21-11-2020
Fake News 29,This is a fake news article number 29.,economy,20-12-2019
Fake News 30,This is a fake news article number 30.,economy,25-11-2020
Fake News 31,This is a fake news article number 31.,world,14-07-2021
Fake News 32,This is a fake news article number 32.,sports,16-08-2021
Fake News 33,This is a fake news article number 33.,health,20-09-2020
Fake News 34,This is a fake news article number 34.,sports,18-07-2020
Fake News 35,This is a fake news article number 35.,world,16-08-2021
Fake News 36,This is a fake news article number 36.,world,15-09-2019
Fake News 37,This is a fake news article number 37.,world,03-05-2020
Fake News 38,This is a fake news article number 38.,sports,24-11-2020
Fake News 39,This is a fake news article number 39.,sports,17-03-2020
Fake News 40,This is a fake news article number 40.,health,20-07-2019
Fake News 41,This is a fake news article number 41.,health,15-03-2021
Fake News 42,This is a fake news article number 42.,world,16-04-2021
Fake News 43,This is a fake news article number 43.,world,10-10-2019
Fake News 44,This is a fake news article number 44.,world,07-02-2021
Fake News 45,This is a fake news article number 45.,world,14-02-2019
Fake News 46,This is a fake news article number 46.,health,25-12-2021
Fake News 47,This is a fake news article number 47.,sports,14-12-2021
Fake News 48,This is a fake news article number 48.,politics,09-01-2021
Fake News 49,This is a fake news article number 49.,world,18-09-2021
Fake News 50,This is a fake news article number 50.,health,22-11-2021
Fake News 51,This is a fake news article number 51.,world,11-12-2021
Fake News 52,This is a fake news article number 52.,economy,23-09-2019
Fake News 53,This is a fake news article number 53.,health,29-05-2020
Fake News 54,This is a fake news article number 54.,economy,08-12-2021
Fake News 55,This is a fake news article number 55.,health,31-10-2019
Fake News 56,This is a fake news article number 56.,health,16-02-2021
Fake News 57,This is a fake news article number 57.,economy,22-08-2019
Fake News 58,This is a fake news article number 58.,economy,28-08-2021
Fake News 59,This is a fake news article number 59.,world,14-05-2020
Fake News 60,This is a fake news article number 60.,economy,14-06-2019
Fake News 61,This is a fake news article number 61.,health,10-01-2020
Fake News 62,This is a fake news article number 62.,health,14-06-2019
Fake News 63,This is a fake news article number 63.,economy,20-11-2021
Fake News 64,This is a fake news article number 64.,economy,13-10-2020
Fake News 65,This is a fake news article number 65.,politics,07-08-2019
Fake News 66,This is a fake news article number 66.,sports,07-09-2021
Fake News 67,This is a fake news article number 67.,economy,11-01-2020
Fake News 68,This is a fake news article number 68.,economy,10-08-2019
Fake News 69,This is a fake news article number 69.,politics,26-12-2019
Fake News 70,This is a fake news article number 70.,health,02-09-2019
Fake News 71,This is a fake news article number 71.,sports,09-12-2019
Fake News 72,This is a fake news article number 72.,politics,05-04-2020
Fake News 73,This is a fake news article number 73.,world,24-02-2019
Fake News 74,This is a fake news article number 74.,health,23-03-2019
Fake News 75,This is a fake news article number 75.,health,19-04-2019
Fake News 76,This is a fake news article number 76.,sports,18-12-2019
Fake News 77,This is a fake news article number 77.,politics,11-05-2020
Fake News 78,This is a fake news article number 78.,health,08-11-2021
Fake News 79,This is a fake news article number 79.,politics,07-02-2020
Fake News 80,This is a fake news article number 80.,health,10-05-2020
Fake News 81,This is a fake news article number 81.,politics,29-03-2021
Fake News 82,This is a fake news article number 82.,economy,13-07-2020
Fake News 83,This is a fake news article number 83.,politics,04-09-2019
Fake News 84,This is a fake news article number 84.,economy,04-03-2021
Fake News 85,This is a fake news article number 85.,politics,22-10-2021
Fake News 86,This is a fake news article number 86.,economy,08-03-2019
Fake News 87,This is a fake news article number 87.,sports,04-06-2020
Fake News 88,This is a fake news article number 88.,politics,02-02-2021
Fake News 89,This is a fake news article number 89.,politics,21-08-2020
Fake News 90,This is a fake news article number 90.,world,23-04-2020
Fake News 91,This is a fake news article number 91.,sports,09-11-2021
Fake News 92,This is a fake news article number 92.,health,01-01-2021
Fake News 93,This is a fake news article number 93.,world,02-03-2020
Fake News 94,This is a fake news article number 94.,politics,27-08-2021
Fake News 95,This is a fake news article number 95.,sports,20-01-2020
Fake News 96,This is a fake news article number 96.,world,15-02-2020
Fake News 97,This is a fake news article number 97.,economy,14-07-2020
Fake News 98,This is a fake news article number 98.,world,08-09-2021
Fake News 99,This is a fake news article number 99.,politics,31-08-2020
Fake News 100,This is a fake news article number 100.,health,09-10-2021
Fake News 101,This is a fake news article number 101.,sports,31-12-2020
Fake News 102,This is a fake news article number 102.,economy,20-12-2019
Fake News 103,This is a fake news article number 103.,world,15-12-2020
Fake News 104,This is a fake news article number 104.,politics,24-06-2021
Fake News 105,This is a fake news article number 105.,politics,04-03-2021
Fake News 106,This is a fake news article number 106.,politics,24-09-2020
Fake News 107,This is a fake news article number 107.,health,29-10-2021
Fake News 108,This is a fake news article number 108.,sports,15-11-2019
Fake News 109,This is a fake news article number 109.,politics,17-01-2019
Fake News 110,This is a fake news article number 110.,health,30-05-2020
Fake News 111,This is a fake news article number 111.,politics,17-08-2020
Fake News 112,This is a fake news article number 112.,health,08-02-2020
Fake News 113,This is a fake news article number 113.,politics,05-02-2020
Fake News 114,This is a fake news article number 114.,sports,02-09-2019
Fake News 115,This is a fake news article number 115.,politics,25-10-2021
Fake News 116,This is a fake news article number 116.,health,12-12-2020
Fake News 117,This is a fake news article number 117.,world,24-05-2020
Fake News 118,This is a fake news article number 118.,world,03-03-2021
Fake News 119,This is a fake news article number 119.,health,14-08-2020
Fake News 120,This is a fake news article number 120.,economy,16-07-2019
Fake News 121,This is a fake news article number 121.,health,08-01-2021
Fake News 122,This is a fake news article number 122.,sports,24-10-2019
Fake News 123,This is a fake news article number 123.,economy,25-01-2020
Fake News 124,This is a fake news article number 124.,economy,16-05-2020
Fake News 125,This is a fake news article number 125.,health,16-03-2019
Fake News 126,This is a fake news article number 126.,economy,16-06-2021
Fake News 127,This is a fake news article number 127.,sports,10-06-2020
Fake News 128,This is a fake news article number 128.,economy,21-01-2019
Fake News 129,This is a fake news article number 129.,world,03-05-2019
Fake News 130,This is a fake news article number 130.,politics,29-09-2021
Fake News 131,This is a fake news article number 131.,economy,19-02-2020
Fake News 132,This is a fake news article number 132.,sports,21-10-2020
Fake News 133,This is a fake news article number 133.,economy,23-11-2019
Fake News 134,This is a fake news article number 134.,politics,16-06-2020
Fake News 135,This is a fake news article number 135.,economy,16-08-2020
Fake News 136,This is a fake news article number 136.,world,20-07-2020
Fake News 137,This is a fake news article number 137.,health,10-09-2021
Fake News 138,This is a fake news article number 138.,health,23-08-2020
Fake News 139,This is a fake news article number 139.,economy,06-07-2021
Fake News 140,This is a fake news article number 140.,politics,19-08-2021
Fake News 141,This is a fake news article number 141.,health,03-04-2019
Fake News 142,This is a fake news article number 142.,health,31-10-2020
Fake News 143,This is a fake news article number 143.,world,06-08-2020
Fake News 144,This is a fake news article number 144.,politics,05-06-2020
Fake News 145,This is a fake news article number 145.,world,16-04-2019
Fake News 146,This is a fake news article number 146.,health,18-08-2020
Fake News 147,This is a fake news article number 147.,economy,29-04-2020
Fake News 148,This is a fake news article number 148.,economy,09-04-2019
Fake News 149,This is a fake news article number 149.,health,03-10-2019
Fake News 150,This is a fake news article number 150.,health,07-11-2020
Fake News 151,This is a fake news article number 151.,sports,01-05-2020
Fake News 152,This is a fake news article number 152.,world,11-09-2020
Fake News 153,This is a fake news article number 153.,health,03-12-2020
Fake News 154,This is a fake news article number 154.,politics,25-05-2021
Fake News 155,This is a fake news article number 155.,health,19-05-2021
Fake News 156,This is a fake news article number 156.,sports,16-03-2019
Fake News 157,This is a fake news article number 157.,sports,07-09-2021
Fake News 158,This is a fake news article number 158.,sports,21-06-2021
Fake News 159,This is a fake news article number 159.,health,02-09-2021
Fake News 160,This is a fake news article number 160.,world,25-07-2019
Fake News 161,This is a fake news article number 161.,economy,01-03-2020
Fake News 162,This is a fake news article number 162.,economy,07-10-2021
Fake News 163,This is a fake news article number 163.,sports,12-08-2021
Fake News 164,This is a fake news article number 164.,world,31-08-2020
Fake News 165,This is a fake news article number 165.,economy,23-01-2019
Fake News 166,This is a fake news article number 166.,politics,24-03-2020
Fake News 167,This is a fake news article number 167.,world,03-03-2021
Fake News 168,This is a fake news article number 168.,world,21-11-2019
Fake News 169,This is a fake news article number 169.,economy,14-06-2021
Fake News 170,This is a fake news article number 170.,health,02-03-2019
Fake News 171,This is a fake news article number 171.,sports,09-01-2020
Fake News 172,This is a fake news article number 172.,health,26-11-2019
Fake News 173,This is a fake news article number 173.,world,18-02-2021
Fake News 174,This is a fake news article number 174.,world,15-09-2019
Fake News 175,This is a fake news article number 175.,health,27-08-2019
Fake News 176,This is a fake news article number 176.,world,15-01-2020
Fake News 177,This is a fake news article number 177.,world,14-06-2020
Fake News 178,This is a fake news article number 178.,health,14-06-2019
Fake News 179,This is a fake news article number 179.,health,11-12-2019
Fake News 180,This is a fake news article number 180.,health,12-11-2021
Fake News 181,This is a fake news article number 181.,politics,10-03-2021
Fake News 182,This is a fake news article number 182.,world,06-12-2020
Fake News 183,This is a fake news article number 183.,sports,22-06-2019
Fake News 184,This is a fake news article number 184.,politics,24-01-2021
Fake News 185,This is a fake news article number 185.,sports,30-12-2020
Fake News 186,This is a fake news article number 186.,sports,03-02-2019
Fake News 187,This is a fake news article number 187.,economy,28-02-2021
Fake News 188,This is a fake news article number 188.,politics,11-03-2020
Fake News 189,This is a fake news article number 189.,sports,27-02-2019
Fake News 190,This is a fake news article number 190.,economy,12-05-2019
Fake News 191,This is a fake news article number 191.,economy,07-06-2020
Fake News 192,This is a fake news article number 192.,sports,23-09-2020
Fake News 193,This is a fake news article number 193.,politics,28-08-2020
Fake News 194,This is a fake news article number 194.,health,12-05-2019
Fake News 195,This is a fake news article number 195.,politics,13-05-2019
Fake News 196,This is a fake news article number 196.,sports,15-07-2021
Fake News 197,This is a fake news article number 197.,health,10-01-2020
Fake News 198,This is a fake news article number 198.,world,29-07-2019
Fake News 199,This is a fake news article number 199.,economy,27-04-2020
Fake News 200,This is a fake news article number 200.,economy,08-08-2019
Fake News 201,This is a fake news article number 201.,economy,29-02-2020
Fake News 202,This is a fake news article number 202.,sports,27-05-2019
Fake News 203,This is a fake news article number 203.,politics,16-12-2021
Fake News 204,This is a fake news article number 204.,world,16-10-2021
Fake News 205,This is a fake news article number 205.,politics,07-10-2020
Fake News 206,This is a fake news article number 206.,economy,12-05-2020
Fake News 207,This is a fake news article number 207.,world,13-01-2020
Fake News 208,This is a fake news article number 208.,world,02-11-2020
Fake News 209,This is a fake news article number 209.,world,10-12-2019
Fake News 210,This is a fake news article number 210.,health,19-08-2020
Fake News 211,This is a fake news article number 211.,economy,02-09-2021
Fake News 212,This is a fake news article number 212.,economy,19-12-2019
Fake News 213,This is a fake news article number 213.,politics,04-08-2021
Fake News 214,This is a fake news article number 214.,world,06-12-2021
Fake News 215,This is a fake news article number 215.,world,25-02-2019
Fake News 216,This is a fake news article number 216.,health,09-07-2020
Fake News 217,This is a fake news article number 217.,health,07-06-2020
Fake News 218,This is a fake news article number 218.,politics,20-08-2019
Fake News 219,This is a fake news article number 219.,world,17-01-2020
Fake News 220,This is a fake news article number 220.,health,24-02-2021
Fake News 221,This is a fake news article number 221.,economy,18-01-2020
Fake News 222,This is a fake news article number 222.,sports,21-08-2021
Fake News 223,This is a fake news article number 223.,politics,18-05-2021
Fake News 224,This is a fake news article number 224.,politics,22-05-2021
Fake News 225,This is a fake news article number 225.,sports,20-08-2021
Fake News 226,This is a fake news article number 226.,world,30-04-2019
Fake News 227,This is a fake news article number 227.,politics,12-12-2020
Fake News 228,This is a fake news article number 228.,sports,29-01-2021
Fake News 229,This is a fake news article number 229.,economy,25-06-2021
Fake News 230,This is a fake news article number 230.,economy,04-09-2020
Fake News 231,This is a fake news article number 231.,world,05-09-2020
Fake News 232,This is a fake news article number 232.,economy,03-11-2021
Fake News 233,This is a fake news article number 233.,economy,24-10-2019
Fake News 234,This is a fake news article number 234.,world,26-09-2021
Fake News 235,This is a fake news article number 235.,politics,24-02-2021
Fake News 236,This is a fake news article number 236.,world,23-05-2020
Fake News 237,This is a fake news article number 237.,economy,24-07-2020
Fake News 238,This is a fake news article number 238.,health,03-04-2019
Fake News 239,This is a fake news article number 239.,politics,27-05-2019
Fake News 240,This is a fake news article number 240.,sports,21-10-2020
Fake News 241,This is a fake news article number 241.,politics,23-12-2020
Fake News 242,This is a fake news article number 242.,world,09-05-2019
Fake News 243,This is a fake news article number 243.,politics,19-04-2019
Fake News 244,This is a fake news article number 244.,politics,10-08-2020
Fake News 245,This is a fake news article number 245.,politics,22-10-2020
Fake News 246,This is a fake news article number 246.,sports,04-08-2019
Fake News 247,This is a fake news article number 247.,health,07-05-2021
Fake News 248,This is a fake news article number 248.,health,18-12-2021
Fake News 249,This is a fake news article number 249.,health,31-07-2021
Fake News 250,This is a fake news article number 250.,sports,21-06-2021
Fake News 251,This is a fake news article number 251.,economy,14-12-2019
Fake News 252,This is a fake news article number 252.,economy,26-01-2019
Fake News 253,This is a fake news article number 253.,world,23-11-2019
Fake News 254,This is a fake news article number 254.,health,20-10-2019
Fake News 255,This is a fake news article number 255.,health,04-07-2019
Fake News 256,This is a fake news article number 256.,politics,29-07-2019
Fake News 257,This is a fake news article number 257.,politics,29-07-2019
Fake News 258,This is a fake news article number 258.,economy,20-11-2019
Fake News 259,This is a fake news article number 259.,health,19-07-2021
Fake News 260,This is a fake news article number 260.,economy,19-09-2020
Fake News 261,This is a fake news article number 261.,politics,19-03-2019
Fake News 262,This is a fake news article number 262.,sports,03-11-2019
Fake News 263,This is a fake news article number 263.,health,23-09-2019
Fake News 264,This is a fake news article number 264.,health,16-11-2020
Fake News 265,This is a fake news article number 265.,economy,15-10-2019
Fake News 266,This is a fake news article number 266.,world,24-12-2021
Fake News 267,This is a fake news article number 267.,politics,22-06-2019
Fake News 268,This is a fake news article number 268.,politics,12-02-2020
Fake News 269,This is a fake news article number 269.,politics,15-03-2019
Fake News 270,This is a fake news article number 270.,world,22-12-2020
Fake News 271,This is a fake news article number 271.,health,03-11-2021
Fake News 272,This is a fake news article number 272.,health,19-01-2019
Fake News 273,This is a fake news article number 273.,economy,23-09-2019
Fake News 274,This is a fake news article number 274.,sports,09-02-2019
Fake News 275,This is a fake news article number 275.,sports,16-08-2021
Fake News 276,This is a fake news article number 276.,politics,30-01-2019
Fake News 277,This is a fake news article number 277.,economy,29-12-2020
Fake News 278,This is a fake news article number 278.,economy,29-06-2019
Fake News 279,This is a fake news article number 279.,economy,09-09-2020
Fake News 280,This is a fake news article number 280.,world,02-06-2020
Fake News 281,This is a fake news article number 281.,politics,25-09-2019
Fake News 282,This is a fake news article number 282.,world,13-08-2020
Fake News 283,This is a fake news article number 283.,sports,26-02-2020
Fake News 284,This is a fake news article number 284.,economy,01-03-2019
Fake News 285,This is a fake news article number 285.,economy,10-06-2021
Fake News 286,This is a fake news article number 286.,politics,26-02-2021
Fake News 287,This is a fake news article number 287.,world,28-12-2020
Fake News 288,This is a fake news article number 288.,sports,05-05-2019
Fake News 289,This is a fake news article number 289.,health,29-04-2019
Fake News 290,This is a fake news article number 290.,economy,26-03-2019
Fake News 291,This is a fake news article number 291.,politics,12-03-2019
Fake News 292,This is a fake news article number 292.,world,07-08-2019
Fake News 293,This is a fake news article number 293.,world,26-09-2019
Fake News 294,This is a fake news article number 294.,sports,26-07-2021
Fake News 295,This is a fake news article number 295.,economy,14-10-2019
Fake News 296,This is a fake news article number 296.,economy,04-06-2021
Fake News 297,This is a fake news article number 297.,politics,24-11-2020
Fake News 298,This is a fake news article number 298.,economy,15-04-2020
Fake News 299,This is a fake news article number 299.,sports,17-09-2020
Fake News 300,This is a fake news article number 300.,economy,26-02-2019
Fake News 301,This is a fake news article number 301.,economy,09-07-2021
Fake News 302,This is a fake news article number 302.,health,07-11-2021
Fake News 303,This is a fake news article number 303.,world,11-11-2019
Fake News 304,This is a fake news article number 304.,health,29-09-2019
Fake News 305,This is a fake news article number 305.,health,06-02-2019
Fake News 306,This is a fake news article number 306.,health,25-01-2021
Fake News 307,This is a fake news article number 307.,world,13-12-2020
Fake News 308,This is a fake news article number 308.,world,24-11-2020
Fake News 309,This is a fake news article number 309.,economy,11-11-2020
Fake News 310,This is a fake news article number 310.,economy,16-03-2021
Fake News 311,This is a fake news article number 311.,health,30-04-2021
Fake News 312,This is a fake news article number 312.,sports,05-06-2021
Fake News 313,This is a fake news article number 313.,economy,29-05-2020
Fake News 314,This is a fake news article number 314.,health,06-03-2019
Fake News 315,This is a fake news article number 315.,health,17-04-2020
Fake News 316,This is a fake news article number 316.,economy,10-07-2019
Fake News 317,This is a fake news article number 317.,sports,21-01-2020
Fake News 318,This is a fake news article number 318.,sports,14-05-2019
Fake News 319,This is a fake news article number 319.,world,21-05-2019
Fake News 320,This is a fake news article number 320.,economy,13-09-2021
Fake News 321,This is a fake news article number 321.,world,02-02-2019
Fake News 322,This is a fake news article number 322.,economy,19-01-2020
Fake News 323,This is a fake news article number 323.,health,30-06-2020
Fake News 324,This is a fake news article number 324.,health,19-02-2019
Fake News 325,This is a fake news article number 325.,politics,19-06-2020
Fake News 326,This is a fake news article number 326.,health,14-09-2019
Fake News 327,This is a fake news article number 327.,sports,10-06-2020
Fake News 328,This is a fake news article number 328.,politics,19-02-2021
Fake News 329,This is a fake news article number 329.,health,23-09-2020
Fake News 330,This is a fake news article number 330.,economy,13-10-2020
Fake News 331,This is a fake news article number 331.,world,23-09-2019
Fake News 332,This is a fake news article number 332.,world,27-03-2021
Fake News 333,This is a fake news article number 333.,sports,05-06-2021
Fake News 334,This is a fake news article number 334.,sports,17-10-2020
Fake News 335,This is a fake news article number 335.,health,22-04-2020
Fake News 336,This is a fake news article number 336.,health,16-06-2020
Fake News 337,This is a fake news article number 337.,economy,05-12-2020
Fake News 338,This is a fake news article number 338.,world,04-04-2021
Fake News 339,This is a fake news article number 339.,world,30-07-2021
Fake News 340,This is a fake news article number 340.,world,27-08-2019
Fake News 341,This is a fake news article number 341.,economy,06-02-2021
Fake News 342,This is a fake news article number 342.,economy,03-11-2019
Fake News 343,This is a fake news article number 343.,world,06-12-2020
Fake News 344,This is a fake news article number 344.,politics,25-07-2021
Fake News 345,This is a fake news article number 345.,economy,14-12-2020
Fake News 346,This is a fake news article number 346.,health,13-01-2020
Fake News 347,This is a fake news article number 347.,sports,10-11-2019
Fake News 348,This is a fake news article number 348.,economy,08-01-2021
Fake News 349,This is a fake news article number 349.,world,07-09-2020
Fake News 350,This is a fake news article number 350.,economy,18-03-2020
Fake News 351,This is a fake news article number 351.,economy,27-03-2020
Fake News 352,This is a fake news article number 352.,economy,24-04-2021
Fake News 353,This is a fake news article number 353.,sports,10-09-2020
Fake News 354,This is a fake news article number 354.,health,02-02-2020
Fake News 355,This is a fake news article number 355.,health,22-12-2019
Fake News 356,This is a fake news article number 356.,sports,08-10-2021
Fake News 357,This is a fake news article number 357.,economy,27-03-2020
Fake News 358,This is a fake news article number 358.,economy,13-02-2019
Fake News 359,This is a fake news article number 359.,politics,11-02-2021
Fake News 360,This is a fake news article number 360.,world,22-09-2020
Fake News 361,This is a fake news article number 361.,world,16-09-2019
Fake News 362,This is a fake news article number 362.,economy,11-09-2020
Fake News 363,This is a fake news article number 363.,world,23-06-2020
Fake News 364,This is a fake news article number 364.,sports,17-04-2019
Fake News 365,This is a fake news article number 365.,economy,23-09-2021
Fake News 366,This is a fake news article number 366.,politics,17-08-2020
Fake News 367,This is a fake news article number 367.,politics,21-10-2021
Fake News 368,This is a fake news article number 368.,politics,22-05-2021
Fake News 369,This is a fake news article number 369.,health,05-01-2021
Fake News 370,This is a fake news article number 370.,health,13-04-2020
Fake News 371,This is a fake news article number 371.,economy,06-05-2021
Fake News 372,This is a fake news article number 372.,politics,18-07-2020
Fake News 373,This is a fake news article number 373.,world,28-03-2021
Fake News 374,This is a fake news article number 374.,health,29-08-2021
Fake News 375,This is a fake news article number 375.,economy,03-03-2021
Fake News 376,This is a fake news article number 376.,health,12-12-2020
Fake News 377,This is a fake news article number 377.,sports,21-06-2019
Fake News 378,This is a fake news article number 378.,health,09-04-2019
Fake News 379,This is a fake news article number 379.,world,11-05-2020
Fake News 380,This is a fake news article number 380.,sports,21-02-2020
Fake News 381,This is a fake news article number 381.,world,02-05-2021
Fake News 382,This is a fake news article number 382.,economy,21-03-2020
Fake News 383,This is a fake news article number 383.,world,22-01-2019
Fake News 384,This is a fake news article number 384.,economy,03-07-2020
Fake News 385,This is a fake news article number 385.,health,24-11-2019
Fake News 386,This is a fake news article number 386.,politics,20-03-2020
Fake News 387,This is a fake news article number 387.,economy,31-10-2021
Fake News 388,This is a fake news article number 388.,health,13-03-2021
Fake News 389,This is a fake news article number 389.,health,13-03-2020
Fake News 390,This is a fake news article number 390.,politics,05-12-2021
Fake News 391,This is a fake news article number 391.,economy,11-11-2019
Fake News 392,This is a fake news article number 392.,sports,01-07-2020
Fake News 393,This is a fake news article number 393.,world,12-11-2019
Fake News 394,This is a fake news article number 394.,sports,17-10-2019
Fake News 395,This is a fake news article number 395.,politics,30-11-2020
Fake News 396,This is a fake news article number 396.,economy,14-09-2021
Fake News 397,This is a fake news article number 397.,world,16-08-2019
Fake News 398,This is a fake news article number 398.,health,27-03-2019
Fake News 399,This is a fake news article number 399.,economy,09-07-2021
Fake News 400,This is a fake news article number 400.,world,11-06-2021
Fake News 401,This is a fake news article number 401.,world,14-02-2020
Fake News 402,This is a fake news article number 402.,sports,13-08-2020
Fake News 403,This is a fake news article number 403.,sports,17-09-2020
Fake News 404,This is a fake news article number 404.,world,13-09-2020
Fake News 405,This is a fake news article number 405.,sports,04-09-2021
Fake News 406,This is a fake news article number 406.,politics,11-09-2021
Fake News 407,This is a fake news article number 407.,politics,16-09-2019
Fake News 408,This is a fake news article number 408.,politics,02-09-2021
Fake News 409,This is a fake news article number 409.,world,01-10-2019
Fake News 410,This is a fake news article number 410.,health,07-08-2021
Fake News 411,This is a fake news article number 411.,health,28-04-2019
Fake News 412,This is a fake news article number 412.,economy,12-01-2019
Fake News 413,This is a fake news article number 413.,health,10-12-2021
Fake News 414,This is a fake news article number 414.,politics,25-06-2019
Fake News 415,This is a fake news article number 415.,economy,21-08-2021
Fake News 416,This is a fake news article number 416.,sports,11-02-2020
Fake News 417,This is a fake news article number 417.,sports,12-11-2020
Fake News 418,This is a fake news article number 418.,economy,15-11-2021
Fake News 419,This is a fake news article number 419.,economy,22-12-2020
Fake News 420,This is a fake news article number 420.,politics,13-05-2019
Fake News 421,This is a fake news article number 421.,politics,14-12-2021
Fake News 422,This is a fake news article number 422.,world,17-08-2020
Fake News 423,This is a fake news article number 423.,politics,05-01-2020
Fake News 424,This is a fake news article number 424.,sports,17-04-2020
Fake News 425,This is a fake news article number 425.,politics,20-02-2020
Fake News 426,This is a fake news article number 426.,world,06-07-2019
Fake News 427,This is a fake news article number 427.,health,24-06-2020
Fake News 428,This is a fake news article number 428.,world,04-02-2019
Fake News 429,This is a fake news article number 429.,world,31-07-2019
Fake News 430,This is a fake news article number 430.,health,22-10-2021
Fake News 431,This is a fake news article number 431.,economy,10-05-2019
Fake News 432,This is a fake news article number 432.,sports,11-11-2019
Fake News 433,This is a fake news article number 433.,economy,09-12-2021
Fake News 434,This is a fake news article number 434.,sports,11-09-2020
Fake News 435,This is a fake news article number 435.,sports,14-08-2021
Fake News 436,This is a fake news article number 436.,economy,25-12-2019
Fake News 437,This is a fake news article number 437.,politics,30-12-2019
Fake News 438,This is a fake news article number 438.,politics,01-01-2019
Fake News 439,This is a fake news article number 439.,politics,25-04-2019
Fake News 440,This is a fake news article number 440.,world,23-10-2021
Fake News 441,This is a fake news article number 441.,sports,22-10-2021
Fake News 442,This is a fake news article number 442.,politics,25-06-2020
Fake News 443,This is a fake news article number 443.,health,30-12-2021
Fake News 444,This is a fake news article number 444.,health,02-11-2021
Fake News 445,This is a fake news article number 445.,sports,12-03-2021
Fake News 446,This is a fake news article number 446.,world,18-03-2019
Fake News 447,This is a fake news article number 447.,economy,21-01-2021
Fake News 448,This is a fake news article number 448.,sports,07-06-2021
Fake News 449,This is a fake news article number 449.,politics,17-01-2020
Fake News 450,This is a fake news article number 450.,economy,25-12-2021
Fake News 451,This is a fake news article number 451.,sports,01-12-2019
Fake News 452,This is a fake news article number 452.,world,11-07-2019
Fake News 453,This is a fake news article number 453.,health,10-08-2020
Fake News 454,This is a fake news article number 454.,world,17-07-2021
Fake News 455,This is a fake news article number 455.,economy,18-09-2021
Fake News 456,This is a fake news article number 456.,sports,15-11-2019
Fake News 457,This is a fake news article number 457.,world,18-01-2021
Fake News 458,This is a fake news article number 458.,economy,12-07-2019
Fake News 459,This is a fake news article number 459.,health,05-04-2019
Fake News 460,This is a fake news article number 460.,politics,04-03-2020
Fake News 461,This is a fake news article number 461.,sports,29-11-2019
Fake News 462,This is a fake news article number 462.,health,09-11-2021
Fake News 463,This is a fake news article number 463.,sports,21-02-2020
Fake News 464,This is a fake news article number 464.,sports,06-09-2021
Fake News 465,This is a fake news article number 465.,health,18-07-2020
Fake News 466,This is a fake news article number 466.,world,28-03-2021
Fake News 467,This is a fake news article number 467.,health,19-09-2019
Fake News 468,This is a fake news article number 468.,economy,15-09-2019
Fake News 469,This is a fake news article number 469.,sports,11-03-2021
Fake News 470,This is a fake news article number 470.,economy,22-03-2019
Fake News 471,This is a fake news article number 471.,economy,08-08-2021
Fake News 472,This is a fake news article number 472.,economy,02-12-2019
Fake News 473,This is a fake news article number 473.,politics,11-02-2021
Fake News 474,This is a fake news article number 474.,sports,23-04-2019
Fake News 475,This is a fake news article number 475.,health,06-07-2020
Fake News 476,This is a fake news article number 476.,health,14-05-2019
Fake News 477,This is a fake news article number 477.,sports,23-04-2020
Fake News 478,This is a fake news article number 478.,politics,11-04-2019
Fake News 479,This is a fake news article number 479.,economy,10-08-2021
Fake News 480,This is a fake news article number 480.,world,01-02-2019
Fake News 481,This is a fake news article number 481.,health,21-12-2019
Fake News 482,This is a fake news article number 482.,sports,21-02-2019
Fake News 483,This is a fake news article number 483.,world,01-12-2019
Fake News 484,This is a fake news article number 484.,economy,30-08-2019
Fake News 485,This is a fake news article number 485.,health,16-01-2020
Fake News 486,This is a fake news article number 486.,world,31-08-2020
Fake News 487,This is a fake news article number 487.,economy,16-11-2021
Fake News 488,This is a fake news article number 488.,politics,22-03-2020
Fake News 489,This is a fake news article number 489.,politics,17-08-2019
Fake News 490,This is a fake news article number 490.,health,16-05-2019
Fake News 491,This is a fake news article number 491.,sports,17-09-2020
Fake News 492,This is a fake news article number 492.,sports,04-10-2021
Fake News 493,This is a fake news article number 493.,health,03-03-2019
Fake News 494,This is a fake news article number 494.,politics,19-02-2021
Fake News 495,This is a fake news article number 495.,economy,04-10-2020
Fake News 496,This is a fake news article number 496.,world,05-10-2019
Fake News 497,This is a fake news article number 497.,politics,27-10-2020
Fake News 498,This is a fake news article number 498.,world,28-05-2020
Fake News 499,This is a fake news article number 499.,sports,23-12-2019
Fake News 500,This is a fake news article number 500.,world,05-07-2020
Fake News 501,This is a fake news article number 501.,sports,20-09-2020
Fake News 502,This is a fake news article number 502.,world,16-01-2019
Fake News 503,This is a fake news article number 503.,sports,23-02-2020
Fake News 504,This is a fake news article number 504.,politics,09-08-2019
Fake News 505,This is a fake news article number 505.,sports,24-11-2020
Fake News 506,This is a fake news article number 506.,sports,27-08-2021
Fake News 507,This is a fake news article number 507.,politics,30-11-2021
Fake News 508,This is a fake news article number 508.,sports,01-11-2021
Fake News 509,This is a fake news article number 509.,health,22-03-2021
Fake News 510,This is a fake news article number 510.,world,02-01-2021
Fake News 511,This is a fake news article number 511.,politics,31-05-2019
Fake News 512,This is a fake news article number 512.,politics,08-11-2021
Fake News 513,This is a fake news article number 513.,world,04-06-2019
Fake News 514,This is a fake news article number 514.,health,13-07-2019
Fake News 515,This is a fake news article number 515.,politics,23-07-2019
Fake News 516,This is a fake news article number 516.,economy,07-05-2019
Fake News 517,This is a fake news article number 517.,sports,09-12-2019
Fake News 518,This is a fake news article number 518.,economy,19-07-2020
Fake News 519,This is a fake news article number 519.,sports,09-05-2019
Fake News 520,This is a fake news article number 520.,health,25-11-2019
Fake News 521,This is a fake news article number 521.,economy,16-12-2021
Fake News 522,This is a fake news article number 522.,health,09-12-2020
Fake News 523,This is a fake news article number 523.,politics,19-09-2019
Fake News 524,This is a fake news article number 524.,politics,03-07-2020
Fake News 525,This is a fake news article number 525.,world,22-03-2021
Fake News 526,This is a fake news article number 526.,politics,27-10-2019
Fake News 527,This is a fake news article number 527.,world,11-02-2020
Fake News 528,This is a fake news article number 528.,world,23-01-2020
Fake News 529,This is a fake news article number 529.,politics,21-09-2020
Fake News 530,This is a fake news article number 530.,health,16-11-2019
Fake News 531,This is a fake news article number 531.,world,11-04-2021
Fake News 532,This is a fake news article number 532.,sports,22-11-2021
Fake News 533,This is a fake news article number 533.,sports,09-10-2021
Fake News 534,This is a fake news article number 534.,health,01-10-2019
Fake News 535,This is a fake news article number 535.,politics,07-08-2021
Fake News 536,This is a fake news article number 536.,economy,20-02-2021
Fake News 537,This is a fake news article number 537.,economy,01-03-2021
Fake News 538,This is a fake news article number 538.,economy,11-05-2021
Fake News 539,This is a fake news article number 539.,sports,18-06-2021
Fake News 540,This is a fake news article number 540.,politics,16-04-2020
Fake News 541,This is a fake news article number 541.,sports,09-11-2019
Fake News 542,This is a fake news article number 542.,health,13-01-2019
Fake News 543,This is a fake news article number 543.,politics,09-04-2020
Fake News 544,This is a fake news article number 544.,politics,31-05-2019
Fake News 545,This is a fake news article number 545.,health,12-08-2021
Fake News 546,This is a fake news article number 546.,economy,17-05-2020
Fake News 547,This is a fake news article number 547.,sports,15-05-2021
Fake News 548,This is a fake news article number 548.,sports,01-08-2020
Fake News 549,This is a fake news article number 549.,world,13-12-2020
Fake News 550,This is a fake news article number 550.,sports,07-11-2021
Fake News 551,This is a fake news article number 551.,health,26-02-2021
Fake News 552,This is a fake news article number 552.,economy,25-04-2020
Fake News 553,This is a fake news article number 553.,sports,24-02-2020
Fake News 554,This is a fake news article number 554.,world,17-12-2019
Fake News 555,This is a fake news article number 555.,politics,21-09-2021
Fake News 556,This is a fake news article number 556.,world,07-10-2021
Fake News 557,This is a fake news article number 557.,economy,28-09-2020
Fake News 558,This is a fake news article number 558.,world,15-02-2020
Fake News 559,This is a fake news article number 559.,world,18-07-2020
Fake News 560,This is a fake news article number 560.,economy,30-05-2019
Fake News 561,This is a fake news article number 561.,world,10-10-2019
Fake News 562,This is a fake news article number 562.,health,19-12-2020
Fake News 563,This is a fake news article number 563.,health,23-09-2021
Fake News 564,This is a fake news article number 564.,world,31-01-2020
Fake News 565,This is a fake news article number 565.,health,03-05-2019
Fake News 566,This is a fake news article number 566.,health,24-04-2021
Fake News 567,This is a fake news article number 567.,politics,07-08-2019
Fake News 568,This is a fake news article number 568.,economy,05-04-2020
Fake News 569,This is a fake news article number 569.,politics,27-07-2021
Fake News 570,This is a fake news article number 570.,world,23-07-2021
Fake News 571,This is a fake news article number 571.,economy,05-03-2021
Fake News 572,This is a fake news article number 572.,world,26-06-2019
Fake News 573,This is a fake news article number 573.,economy,27-03-2019
Fake News 574,This is a fake news article number 574.,economy,23-08-2019
Fake News 575,This is a fake news article number 575.,health,03-08-2020
Fake News 576,This is a fake news article number 576.,economy,22-02-2021
Fake News 577,This is a fake news article number 577.,sports,27-12-2020
Fake News 578,This is a fake news article number 578.,health,18-04-2020
Fake News 579,This is a fake news article number 579.,world,10-03-2019
Fake News 580,This is a fake news article number 580.,economy,19-09-2019
Fake News 581,This is a fake news article number 581.,health,28-09-2021
Fake News 582,This is a fake news article number 582.,politics,06-08-2020
Fake News 583,This is a fake news article number 583.,world,06-05-2019
Fake News 584,This is a fake news article number 584.,health,22-06-2021
Fake News 585,This is a fake news article number 585.,politics,02-02-2019
Fake News 586,This is a fake news article number 586.,politics,27-04-2019
Fake News 587,This is a fake news article number 587.,health,29-09-2019
Fake News 588,This is a fake news article number 588.,economy,12-02-2020
Fake News 589,This is a fake news article number 589.,world,23-08-2020
Fake News 590,This is a fake news article number 590.,sports,25-08-2021
Fake News 591,This is a fake news article number 591.,sports,13-05-2019
Fake News 592,This is a fake news article number 592.,health,14-09-2019
Fake News 593,This is a fake news article number 593.,world,19-02-2021
Fake News 594,This is a fake news article number 594.,health,18-06-2020
Fake News 595,This is a fake news article number 595.,health,05-09-2019
Fake News 596,This is a fake news article number 596.,sports,16-04-2019
Fake News 597,This is a fake news article number 597.,world,17-05-2021
Fake News 598,This is a fake news article number 598.,economy,24-03-2019
Fake News 599,This is a fake news article number 599.,world,24-11-2020
Fake News 600,This is a fake news article number 600.,politics,15-04-2021
Fake News 601,This is a fake news article number 601.,sports,04-05-2019
Fake News 602,This is a fake news article number 602.,health,05-10-2019
Fake News 603,This is a fake news article number 603.,sports,20-04-2020
Fake News 604,This is a fake news article number 604.,sports,06-08-2021
Fake News 605,This is a fake news article number 605.,world,07-11-2020
Fake News 606,This is a fake news article number 606.,politics,09-05-2021
Fake News 607,This is a fake news article number 607.,sports,30-12-2021
Fake News 608,This is a fake news article number 608.,politics,09-11-2020
Fake News 609,This is a fake news article number 609.,sports,27-02-2021
Fake News 610,This is a fake news article number 610.,health,02-02-2020
Fake News 611,This is a fake news article number 611.,politics,28-08-2021
Fake News 612,This is a fake news article number 612.,sports,24-10-2019
Fake News 613,This is a fake news article number 613.,sports,18-12-2020
Fake News 614,This is a fake news article number 614.,sports,01-03-2020
Fake News 615,This is a fake news article number 615.,sports,02-04-2021
Fake News 616,This is a fake news article number 616.,economy,25-08-2020
Fake News 617,This is a fake news article number 617.,sports,03-07-2020
Fake News 618,This is a fake news article number 618.,health,07-01-2021
Fake News 619,This is a fake news article number 619.,economy,12-04-2019
Fake News 620,This is a fake news article number 620.,health,18-01-2020
Fake News 621,This is a fake news article number 621.,sports,10-11-2020
Fake News 622,This is a fake news article number 622.,sports,21-09-2019
Fake News 623,This is a fake news article number 623.,sports,20-12-2021
Fake News 624,This is a fake news article number 624.,politics,10-01-2021
Fake News 625,This is a fake news article number 625.,economy,02-04-2019
Fake News 626,This is a fake news article number 626.,world,14-03-2021
Fake News 627,This is a fake news article number 627.,politics,26-01-2021
Fake News 628,This is a fake news article number 628.,sports,31-03-2019
Fake News 629,This is a fake news article number 629.,politics,09-04-2020
Fake News 630,This is a fake news article number 630.,sports,15-04-2021
Fake News 631,This is a fake news article number 631.,politics,27-02-2020
Fake News 632,This is a fake news article number 632.,politics,18-07-2020
Fake News 633,This is a fake news article number 633.,health,26-06-2019
Fake News 634,This is a fake news article number 634.,economy,15-08-2019
Fake News 635,This is a fake news article number 635.,world,24-06-2019
Fake News 636,This is a fake news article number 636.,sports,24-06-2020
Fake News 637,This is a fake news article number 637.,health,03-10-2019
Fake News 638,This is a fake news article number 638.,world,07-03-2020
Fake News 639,This is a fake news article number 639.,world,03-08-2019
Fake News 640,This is a fake news article number 640.,world,13-07-2020
Fake News 641,This is a fake news article number 641.,politics,30-01-2021
Fake News 642,This is a fake news article number 642.,world,14-12-2020
Fake News 643,This is a fake news article number 643.,world,16-05-2019
Fake News 644,This is a fake news article number 644.,world,21-05-2019
Fake News 645,This is a fake news article number 645.,world,27-04-2020
Fake News 646,This is a fake news article number 646.,world,17-02-2020
Fake News 647,This is a fake news article number 647.,sports,19-03-2021
Fake News 648,This is a fake news article number 648.,world,01-04-2019
Fake News 649,This is a fake news article number 649.,economy,19-10-2019
Fake News 650,This is a fake news article number 650.,health,09-07-2021
Fake News 651,This is a fake news article number 651.,sports,27-05-2019
Fake News 652,This is a fake news article number 652.,economy,11-11-2020
Fake News 653,This is a fake news article number 653.,economy,01-06-2021
Fake News 654,This is a fake news article number 654.,sports,19-09-2021
Fake News 655,This is a fake news article number 655.,world,03-11-2021
Fake News 656,This is a fake news article number 656.,world,06-02-2020
Fake News 657,This is a fake news article number 657.,economy,26-04-2021
Fake News 658,This is a fake news article number 658.,health,13-04-2019
Fake News 659,This is a fake news article number 659.,health,25-12-2021
Fake News 660,This is a fake news article number 660.,economy,28-03-2020
Fake News 661,This is a fake news article number 661.,health,08-02-2020
Fake News 662,This is a fake news article number 662.,sports,11-06-2021
Fake News 663,This is a fake news article number 663.,health,22-08-2020
Fake News 664,This is a fake news article number 664.,economy,27-05-2020
Fake News 665,This is a fake news article number 665.,politics,16-08-2020
Fake News 666,This is a fake news article number 666.,economy,09-09-2019
Fake News 667,This is a fake news article number 667.,world,08-12-2019
Fake News 668,This is a fake news article number 668.,economy,21-05-2020
Fake News 669,This is a fake news article number 669.,health,13-09-2020
Fake News 670,This is a fake news article number 670.,politics,02-04-2021
Fake News 671,This is a fake news article number 671.,politics,27-05-2020
Fake News 672,This is a fake news article number 672.,economy,07-04-2020
Fake News 673,This is a fake news article number 673.,politics,30-10-2019
Fake News 674,This is a fake news article number 674.,economy,25-07-2021
Fake News 675,This is a fake news article number 675.,health,12-03-2019
Fake News 676,This is a fake news article number 676.,world,12-12-2019
Fake News 677,This is a fake news article number 677.,health,06-11-2021
Fake News 678,This is a fake news article number 678.,world,11-03-2019
Fake News 679,This is a fake news article number 679.,health,02-12-2019
Fake News 680,This is a fake news article number 680.,health,04-09-2019
Fake News 681,This is a fake news article number 681.,health,11-09-2019
Fake News 682,This is a fake news article number 682.,sports,11-08-2020
Fake News 683,This is a fake news article number 683.,sports,01-07-2019
Fake News 684,This is a fake news article number 684.,world,08-08-2021
Fake News 685,This is a fake news article number 685.,world,25-05-2019
Fake News 686,This is a fake news article number 686.,world,15-11-2019
Fake News 687,This is a fake news article number 687.,economy,13-07-2019
Fake News 688,This is a fake news article number 688.,world,16-08-2019
Fake News 689,This is a fake news article number 689.,economy,30-08-2021
Fake News 690,This is a fake news article number 690.,politics,22-11-2019
Fake News 691,This is a fake news article number 691.,health,21-06-2019
Fake News 692,This is a fake news article number 692.,health,02-08-2021
Fake News 693,This is a fake news article number 693.,world,08-07-2019
Fake News 694,This is a fake news article number 694.,world,13-03-2019
Fake News 695,This is a fake news article number 695.,health,31-08-2021
Fake News 696,This is a fake news article number 696.,sports,27-06-2020
Fake News 697,This is a fake news article number 697.,economy,26-09-2020
Fake News 698,This is a fake news article number 698.,health,07-08-2021
Fake News 699,This is a fake news article number 699.,health,15-08-2019
Fake News 700,This is a fake news article number 700.,politics,10-03-2019
Fake News 701,This is a fake news article number 701.,sports,15-05-2021
Fake News 702,This is a fake news article number 702.,world,09-10-2020
Fake News 703,This is a fake news article number 703.,economy,05-01-2021
Fake News 704,This is a fake news article number 704.,health,26-07-2021
Fake News 705,This is a fake news article number 705.,politics,24-08-2021
Fake News 706,This is a fake news article number 706.,economy,16-06-2020
Fake News 707,This is a fake news article number 707.,economy,09-08-2019
Fake News 708,This is a fake news article number 708.,politics,18-02-2021
Fake News 709,This is a fake news article number 709.,politics,21-01-2020
Fake News 710,This is a fake news article number 710.,economy,26-03-2019
Fake News 711,This is a fake news article number 711.,sports,27-08-2020
Fake News 712,This is a fake news article number 712.,health,04-12-2021
Fake News 713,This is a fake news article number 713.,health,23-07-2020
Fake News 714,This is a fake news article number 714.,economy,20-03-2020
Fake News 715,This is a fake news article number 715.,economy,30-05-2019
Fake News 716,This is a fake news article number 716.,economy,15-01-2019
Fake News 717,This is a fake news article number 717.,economy,05-02-2020
Fake News 718,This is a fake news article number 718.,sports,12-10-2019
Fake News 719,This is a fake news article number 719.,economy,25-02-2019
Fake News 720,This is a fake news article number 720.,politics,18-05-2021
Fake News 721,This is a fake news article number 721.,world,18-11-2019
Fake News 722,This is a fake news article number 722.,world,28-04-2019
Fake News 723,This is a fake news article number 723.,health,20-01-2020
Fake News 724,This is a fake news article number 724.,sports,12-04-2021
Fake News 725,This is a fake news article number 725.,economy,07-08-2019
Fake News 726,This is a fake news article number 726.,politics,25-08-2019
Fake News 727,This is a fake news article number 727.,health,09-05-2019
Fake News 728,This is a fake news article number 728.,economy,23-02-2019
Fake News 729,This is a fake news article number 729.,sports,08-09-2020
Fake News 730,This is a fake news article number 730.,politics,09-12-2019
Fake News 731,This is a fake news article number 731.,health,05-09-2021
Fake News 732,This is a fake news article number 732.,health,20-06-2021
Fake News 733,This is a fake news article number 733.,sports,21-01-2020
Fake News 734,This is a fake news article number 734.,world,23-11-2020
Fake News 735,This is a fake news article number 735.,sports,28-01-2019
Fake News 736,This is a fake news article number 736.,world,08-11-2019
Fake News 737,This is a fake news article number 737.,economy,03-10-2020
Fake News 738,This is a fake news article number 738.,politics,30-10-2020
Fake News 739,This is a fake news article number 739.,sports,04-09-2021
Fake News 740,This is a fake news article number 740.,politics,15-07-2019
Fake News 741,This is a fake news article number 741.,politics,11-10-2021
Fake News 742,This is a fake news article number 742.,world,26-06-2020
Fake News 743,This is a fake news article number 743.,sports,26-08-2021
Fake News 744,This is a fake news article number 744.,world,06-05-2020
Fake News 745,This is a fake news article number 745.,sports,26-05-2020
Fake News 746,This is a fake news article number 746.,sports,12-08-2019
Fake News 747,This is a fake news article number 747.,sports,07-01-2021
Fake News 748,This is a fake news article number 748.,world,11-06-2021
Fake News 749,This is a fake news article number 749.,world,12-03-2020
Fake News 750,This is a fake news article number 750.,world,15-02-2021
Fake News 751,This is a fake news article number 751.,world,14-12-2020
Fake News 752,This is a fake news article number 752.,sports,31-03-2021
Fake News 753,This is a fake news article number 753.,politics,26-11-2021
Fake News 754,This is a fake news article number 754.,politics,13-08-2019
Fake News 755,This is a fake news article number 755.,world,07-07-2021
Fake News 756,This is a fake news article number 756.,sports,23-01-2020
Fake News 757,This is a fake news article number 757.,sports,03-06-2021
Fake News 758,This is a fake news article number 758.,sports,19-03-2019
Fake News 759,This is a fake news article number 759.,sports,18-04-2021
Fake News 760,This is a fake news article number 760.,sports,03-01-2021
Fake News 761,This is a fake news article number 761.,sports,12-07-2021
Fake News 762,This is a fake news article number 762.,sports,27-08-2020
Fake News 763,This is a fake news article number 763.,health,29-11-2021
Fake News 764,This is a fake news article number 764.,health,01-01-2021
Fake News 765,This is a fake news article number 765.,politics,05-07-2019
Fake News 766,This is a fake news article number 766.,health,17-01-2019
Fake News 767,This is a fake news article number 767.,sports,20-09-2019
Fake News 768,This is a fake news article number 768.,politics,11-07-2020
Fake News 769,This is a fake news article number 769.,sports,02-12-2019
Fake News 770,This is a fake news article number 770.,world,09-11-2021
Fake News 771,This is a fake news article number 771.,politics,09-12-2020
Fake News 772,This is a fake news article number 772.,sports,26-12-2019
Fake News 773,This is a fake news article number 773.,politics,26-06-2021
Fake News 774,This is a fake news article number 774.,economy,06-10-2021
Fake News 775,This is a fake news article number 775.,world,29-05-2020
Fake News 776,This is a fake news article number 776.,sports,25-12-2020
Fake News 777,This is a fake news article number 777.,politics,23-02-2021
Fake News 778,This is a fake news article number 778.,politics,13-09-2021
Fake News 779,This is a fake news article number 779.,sports,30-05-2021
Fake News 780,This is a fake news article number 780.,sports,06-04-2021
Fake News 781,This is a fake news article number 781.,politics,16-03-2019
Fake News 782,This is a fake news article number 782.,economy,19-04-2020
Fake News 783,This is a fake news article number 783.,economy,29-10-2019
Fake News 784,This is a fake news article number 784.,world,20-12-2021
Fake News 785,This is a fake news article number 785.,sports,10-01-2021
Fake News 786,This is a fake news article number 786.,politics,25-09-2019
Fake News 787,This is a fake news article number 787.,economy,19-12-2021
Fake News 788,This is a fake news article number 788.,sports,07-02-2019
Fake News 789,This is a fake news article number 789.,health,16-05-2020
Fake News 790,This is a fake news article number 790.,health,04-07-2019
Fake News 791,This is a fake news article number 791.,health,19-02-2021
Fake News 792,This is a fake news article number 792.,health,07-04-2021
Fake News 793,This is a fake news article number 793.,economy,07-11-2020
Fake News 794,This is a fake news article number 794.,world,19-02-2020
Fake News 795,This is a fake news article number 795.,politics,10-05-2019
Fake News 796,This is a fake news article number 796.,world,09-11-2019
Fake News 797,This is a fake news article number 797.,health,04-10-2019
Fake News 798,This is a fake news article number 798.,politics,13-09-2019
Fake News 799,This is a fake news article number 799.,world,06-06-2019
Fake News 800,This is a fake news article number 800.,sports,21-07-2021
Fake News 801,This is a fake news article number 801.,sports,18-03-2019
Fake News 802,This is a fake news article number 802.,economy,24-08-2019
Fake News 803,This is a fake news article number 803.,world,03-05-2019
Fake News 804,This is a fake news article number 804.,sports,06-03-2021
Fake News 805,This is a fake news article number 805.,politics,26-04-2019
Fake News 806,This is a fake news article number 806.,world,19-11-2019
Fake News 807,This is a fake news article number 807.,health,03-11-2019
Fake News 808,This is a fake news article number 808.,sports,19-07-2021
Fake News 809,This is a fake news article number 809.,sports,21-02-2020
Fake News 810,This is a fake news article number 810.,economy,14-01-2019
Fake News 811,This is a fake news article number 811.,economy,12-07-2021
Fake News 812,This is a fake news article number 812.,health,18-04-2019
Fake News 813,This is a fake news article number 813.,world,21-02-2020
Fake News 814,This is a fake news article number 814.,politics,11-12-2021
Fake News 815,This is a fake news article number 815.,economy,11-12-2020
Fake News 816,This is a fake news article number 816.,sports,07-09-2021
Fake News 817,This is a fake news article number 817.,world,21-04-2019
Fake News 818,This is a fake news article number 818.,world,06-12-2020
Fake News 819,This is a fake news article number 819.,world,27-03-2021
Fake News 820,This is a fake news article number 820.,health,30-10-2019
Fake News 821,This is a fake news article number 821.,sports,28-12-2021
Fake News 822,This is a fake news article number 822.,economy,07-07-2020
Fake News 823,This is a fake news article number 823.,world,04-06-2019
Fake News 824,This is a fake news article number 824.,health,13-07-2020
Fake News 825,This is a fake news article number 825.,sports,01-11-2021
Fake News 826,This is a fake news article number 826.,health,19-01-2020
Fake News 827,This is a fake news article number 827.,world,17-09-2019
Fake News 828,This is a fake news article number 828.,economy,09-05-2020
Fake News 829,This is a fake news article number 829.,economy,08-02-2019
Fake News 830,This is a fake news article number 830.,health,02-04-2020
Fake News 831,This is a fake news article number 831.,politics,21-05-2019
Fake News 832,This is a fake news article number 832.,world,10-08-2019
Fake News 833,This is a fake news article number 833.,world,04-10-2019
Fake News 834,This is a fake news article number 834.,politics,03-07-2019
Fake News 835,This is a fake news article number 835.,world,06-02-2020
Fake News 836,This is a fake news article number 836.,politics,08-10-2020
Fake News 837,This is a fake news article number 837.,health,21-06-2019
Fake News 838,This is a fake news article number 838.,sports,07-10-2020
Fake News 839,This is a fake news article number 839.,world,20-02-2020
Fake News 840,This is a fake news article number 840.,sports,23-03-2019
Fake News 841,This is a fake news article number 841.,economy,21-08-2019
Fake News 842,This is a fake news article number 842.,economy,26-06-2019
Fake News 843,This is a fake news article number 843.,politics,12-05-2020
Fake News 844,This is a fake news article number 844.,world,10-05-2021
Fake News 845,This is a fake news article number 845.,world,09-06-2021
Fake News 846,This is a fake news article number 846.,health,08-02-2021
Fake News 847,This is a fake news article number 847.,politics,18-01-2021
Fake News 848,This is a fake news article number 848.,politics,22-04-2020
Fake News 849,This is a fake news article number 849.,world,20-11-2021
Fake News 850,This is a fake news article number 850.,world,27-04-2019
Fake News 851,This is a fake news article number 851.,sports,11-05-2020
Fake News 852,This is a fake news article number 852.,politics,22-12-2019
Fake News 853,This is a fake news article number 853.,politics,20-11-2020
Fake News 854,This is a fake news article number 854.,politics,26-02-2019
Fake News 855,This is a fake news article number 855.,politics,04-02-2019
Fake News 856,This is a fake news article number 856.,sports,01-12-2019
Fake News 857,This is a fake news article number 857.,world,17-10-2020
Fake News 858,This is a fake news article number 858.,world,02-01-2020
Fake News 859,This is a fake news article number 859.,politics,11-08-2020
Fake News 860,This is a fake news article number 860.,politics,07-07-2020
Fake News 861,This is a fake news article number 861.,world,21-06-2019
Fake News 862,This is a fake news article number 862.,world,09-02-2019
Fake News 863,This is a fake news article number 863.,sports,18-12-2019
Fake News 864,This is a fake news article number 864.,economy,12-11-2019
Fake News 865,This is a fake news article number 865.,health,17-03-2021
Fake News 866,This is a fake news article number 866.,politics,17-10-2021
Fake News 867,This is a fake news article number 867.,politics,23-08-2021
Fake News 868,This is a fake news article number 868.,sports,14-09-2019
Fake News 869,This is a fake news article number 869.,world,14-02-2021
Fake News 870,This is a fake news article number 870.,sports,20-05-2019
Fake News 871,This is a fake news article number 871.,sports,26-12-2020
Fake News 872,This is a fake news article number 872.,politics,09-10-2019
Fake News 873,This is a fake news article number 873.,health,15-01-2021
Fake News 874,This is a fake news article number 874.,health,05-09-2021
Fake News 875,This is a fake news article number 875.,economy,17-11-2021
Fake News 876,This is a fake news article number 876.,world,17-10-2019
Fake News 877,This is a fake news article number 877.,health,07-07-2021
Fake News 878,This is a fake news article number 878.,politics,25-05-2020
Fake News 879,This is a fake news article number 879.,sports,04-12-2019
Fake News 880,This is a fake news article number 880.,sports,26-08-2020
Fake News 881,This is a fake news article number 881.,politics,06-07-2019
Fake News 882,This is a fake news article number 882.,health,05-08-2020
Fake News 883,This is a fake news article number 883.,politics,03-11-2020
Fake News 884,This is a fake news article number 884.,sports,26-04-2020
Fake News 885,This is a fake news article number 885.,sports,15-04-2021
Fake News 886,This is a fake news article number 886.,sports,09-01-2019
Fake News 887,This is a fake news article number 887.,politics,29-05-2021
Fake News 888,This is a fake news article number 888.,health,01-08-2021
Fake News 889,This is a fake news article number 889.,sports,17-11-2020
Fake News 890,This is a fake news article number 890.,world,07-07-2021
Fake News 891,This is a fake news article number 891.,health,25-01-2020
Fake News 892,This is a fake news article number 892.,world,16-12-2020
Fake News 893,This is a fake news article number 893.,health,22-09-2020
Fake News 894,This is a fake news article number 894.,health,14-06-2020
Fake News 895,This is a fake news article number 895.,world,28-02-2021
Fake News 896,This is a fake news article number 896.,politics,21-01-2021
Fake News 897,This is a fake news article number 897.,politics,10-10-2020
Fake News 898,This is a fake news article number 898.,world,02-10-2020
Fake News 899,This is a fake news article number 899.,world,13-03-2019
Fake News 900,This is a fake news article number 900.,politics,11-02-2019
Fake News 901,This is a fake news article number 901.,world,20-04-2020
Fake News 902,This is a fake news article number 902.,world,21-06-2020
Fake News 903,This is a fake news article number 903.,economy,22-11-2020
Fake News 904,This is a fake news article number 904.,health,28-02-2019
Fake News 905,This is a fake news article number 905.,politics,16-02-2020
Fake News 906,This is a fake news article number 906.,world,04-05-2021
Fake News 907,This is a fake news article number 907.,world,16-05-2019
Fake News 908,This is a fake news article number 908.,sports,07-01-2020
Fake News 909,This is a fake news article number 909.,economy,25-03-2021
Fake News 910,This is a fake news article number 910.,sports,13-02-2020
Fake News 911,This is a fake news article number 911.,sports,26-07-2019
Fake News 912,This is a fake news article number 912.,world,27-12-2019
Fake News 913,This is a fake news article number 913.,sports,09-09-2019
Fake News 914,This is a fake news article number 914.,world,20-01-2019
Fake News 915,This is a fake news article number 915.,sports,20-10-2021
Fake News 916,This is a fake news article number 916.,world,06-03-2020
Fake News 917,This is a fake news article number 917.,world,12-09-2019
Fake News 918,This is a fake news article number 918.,economy,14-05-2021
Fake News 919,This is a fake news article number 919.,politics,25-11-2020
Fake News 920,This is a fake news article number 920.,sports,13-11-2021
Fake News 921,This is a fake news article number 921.,economy,15-09-2019
Fake News 922,This is a fake news article number 922.,health,01-12-2020
Fake News 923,This is a fake news article number 923.,world,28-11-2021
Fake News 924,This is a fake news article number 924.,politics,27-10-2020
Fake News 925,This is a fake news article number 925.,politics,07-05-2021
Fake News 926,This is a fake news article number 926.,politics,30-04-2019
Fake News 927,This is a fake news article number 927.,health,27-06-2020
Fake News 928,This is a fake news article number 928.,sports,26-03-2019
Fake News 929,This is a fake news article number 929.,world,23-02-2019
Fake News 930,This is a fake news article number 930.,sports,24-01-2020
Fake News 931,This is a fake news article number 931.,world,14-11-2020
Fake News 932,This is a fake news article number 932.,politics,05-03-2020
Fake News 933,This is a fake news article number 933.,sports,04-05-2021
Fake News 934,This is a fake news article number 934.,health,15-08-2021
Fake News 935,This is a fake news article number 935.,economy,10-08-2019
Fake News 936,This is a fake news article number 936.,health,12-05-2021
Fake News 937,This is a fake news article number 937.,world,07-12-2019
Fake News 938,This is a fake news article number 938.,economy,20-07-2020
Fake News 939,This is a fake news article number 939.,sports,14-07-2021
Fake News 940,This is a fake news article number 940.,world,22-09-2020
Fake News 941,This is a fake news article number 941.,economy,31-05-2021
Fake News 942,This is a fake news article number 942.,politics,12-05-2019
Fake News 943,This is a fake news article number 943.,world,28-05-2019
Fake News 944,This is a fake news article number 944.,economy,18-06-2020
Fake News 945,This is a fake news article number 945.,politics,15-09-2020
Fake News 946,This is a fake news article number 946.,politics,04-05-2019
Fake News 947,This is a fake news article number 947.,sports,02-06-2020
Fake News 948,This is a fake news article number 948.,economy,07-08-2019
Fake News 949,This is a fake news article number 949.,world,13-07-2019
Fake News 950,This is a fake news article number 950.,politics,05-07-2021
Fake News 951,This is a fake news article number 951.,sports,27-09-2021
Fake News 952,This is a fake news article number 952.,health,08-02-2020
Fake News 953,This is a fake news article number 953.,world,31-10-2019
Fake News 954,This is a fake news article number 954.,health,06-01-2019
Fake News 955,This is a fake news article number 955.,sports,09-01-2020
Fake News 956,This is a fake news article number 956.,health,05-05-2019
Fake News 957,This is a fake news article number 957.,health,04-02-2021
Fake News 958,This is a fake news article number 958.,health,20-12-2019
Fake News 959,This is a fake news article number 959.,economy,15-03-2020
Fake News 960,This is a fake news article number 960.,politics,20-07-2020
Fake News 961,This is a fake news article number 961.,health,28-05-2021
Fake News 962,This is a fake news article number 962.,world,04-08-2019
Fake News 963,This is a fake news article number 963.,health,04-10-2021
Fake News 964,This is a fake news article number 964.,economy,27-06-2020
Fake News 965,This is a fake news article number 965.,politics,23-10-2020
Fake News 966,This is a fake news article number 966.,sports,20-02-2021
Fake News 967,This is a fake news article number 967.,sports,04-02-2019
Fake News 968,This is a fake news article number 968.,economy,03-12-2019
Fake News 969,This is a fake news article number 969.,world,16-03-2020
Fake News 970,This is a fake news article number 970.,world,14-02-2021
Fake News 971,This is a fake news article number 971.,politics,13-01-2020
Fake News 972,This is a fake news article number 972.,health,20-08-2019
Fake News 973,This is a fake news article number 973.,economy,12-12-2020
Fake News 974,This is a fake news article number 974.,world,24-10-2021
Fake News 975,This is a fake news article number 975.,politics,12-01-2020
Fake News 976,This is a fake news article number 976.,economy,07-07-2021
Fake News 977,This is a fake news article number 977.,economy,11-07-2020
Fake News 978,This is a fake news article number 978.,world,17-07-2021
Fake News 979,This is a fake news article number 979.,politics,04-09-2020
Fake News 980,This is a fake news article number 980.,politics,29-04-2019
Fake News 981,This is a fake news article number 981.,economy,18-06-2020
Fake News 982,This is a fake news article number 982.,economy,26-07-2021
Fake News 983,This is a fake news article number 983.,sports,22-10-2021
Fake News 984,This is a fake news article number 984.,sports,24-07-2019
Fake News 985,This is a fake news article number 985.,politics,06-02-2019
Fake News 986,This is a fake news article number 986.,world,22-11-2020
Fake News 987,This is a fake news article number 987.,politics,03-05-2020
Fake News 988,This is a fake news article number 988.,world,23-12-2021
Fake News 989,This is a fake news article number 989.,health,13-01-2021
Fake News 990,This is a fake news article number 990.,politics,16-06-2021
Fake News 991,This is a fake news article number 991.,health,05-09-2021
Fake News 992,This is a fake news article number 992.,world,27-07-2021
Fake News 993,This is a fake news article number 993.,health,04-01-2021
Fake News 994,This is a fake news article number 994.,economy,04-01-2020
Fake News 995,This is a fake news article number 995.,world,17-10-2020
Fake News 996,This is a fake news article number 996.,world,13-12-2019
Fake News 997,This is a fake news article number 997.,economy,12-07-2020
Fake News 998,This is a fake news article number 998.,economy,03-08-2021
Fake News 999,This is a fake news article number 999.,health,18-01-2019
Fake News 1000,This is a fake news article number 1000.,health,18-06-2021
